user_id;user_name;age;gender;country;nationality
1;Indrajit Shenoy;22;male;India;IN
2;محمدطاها كامياران;67;male;Iran;IR
3;Billy Davidson;22;male;Ireland;IE
4;Ülkü Kunter;38;female;Turkey;TR
5;Sara Jacobs;58;female;Ireland;IE
6;Xavier Brar;23;male;Canada;CA
7;Feodosiya Gladchuk;22;female;Ukraine;UA
8;Zoltan Diemer;22;male;Germany;DE
9;Pallavi Namnaik;22;female;India;IN
10;Heide-Marie Willms;61;female;Germany;DE
11;Beau Davies;56;male;New Zealand;NZ
12;Josefina Navarro;78;female;Spain;ES
13;Eino Lampinen;58;male;Finland;FI
14;Shannon Neal;58;female;Australia;AU
15;Liam Kowalski;31;male;Canada;CA
16;بهار کامروا;56;female;Iran;IR
17;Benoît Guillaume;33;male;Switzerland;CH
18;Yolanda Campos;78;female;Spain;ES
19;Tristan Campbell;37;male;Canada;CA
20;Chris Price;71;male;Australia;AU
21;Linda Lee;46;female;Ireland;IE
22;Cecilie Jensen;53;female;Denmark;DK
23;Lea Værnes;43;female;Norway;NO
24;Maja Radivojević;58;female;Serbia;RS
25;Martha Arnold;54;female;United Kingdom;GB
26;Charles Blanchard;26;male;France;FR
27;Tania Deschamps;56;female;Switzerland;CH
28;Ronja Kemppainen;25;female;Finland;FI
29;Yasemin Tunçeri;34;female;Turkey;TR
30;Hudson White;29;male;New Zealand;NZ
31;Aida Llamas;61;female;Mexico;MX
32;Freja Rasmussen;59;female;Denmark;DK
33;Ethan Helliesen;39;male;Norway;NO
34;بهار گلشن;27;female;Iran;IR
35;Keli Aragão;33;female;Brazil;BR
36;Philip Kristensen;73;male;Denmark;DK
37;Nikolaus Colin;52;male;Switzerland;CH
38;Ostromira Malahovski;48;female;Ukraine;UA
39;Lucas Martínez;43;male;Spain;ES
40;Kostyantin Hodimchuk;61;male;Ukraine;UA
41;Gustav Dupuis;35;male;Switzerland;CH
42;Carlindo Cavalcanti;75;male;Brazil;BR
43;Mathias Laurent;48;male;France;FR
44;Andréa Guillaume;67;female;France;FR
45;Doris Hunt;32;female;United States;US
46;Anna Peitz;62;female;Germany;DE
47;Siiri Ahonen;58;female;Finland;FI
48;Dhiraj Rai;70;male;India;IN
49;Dejan Tadić;53;male;Serbia;RS
50;Victor Nielsen;55;male;Denmark;DK
51;Ilsa Timmer;32;female;Netherlands;NL
52;Filippa Nielsen;48;female;Denmark;DK
53;Philippe Tremblay;55;male;Canada;CA
54;Sabine Reindl;31;female;Germany;DE
55;Cecil Mckinney;38;male;United States;US
56;Maya Walker;52;female;Canada;CA
57;Dunja Radovanović;28;female;Serbia;RS
58;Danielle Martinez;76;female;Australia;AU
59;Navya Bal;46;female;India;IN
60;Julia Diez;60;female;Spain;ES
61;Teresa Vergara;39;female;Mexico;MX
62;Iiris Maijala;29;female;Finland;FI
63;Samuel Melgar;77;male;Mexico;MX
64;Gauthier Dupuis;46;male;France;FR
65;Ernesto Jesus;56;male;Brazil;BR
66;Baguandas Pires;61;male;Brazil;BR
67;Charles Lévesque;70;male;Canada;CA
68;Kolodara Shevchuk;48;female;Ukraine;UA
69;David Harsvik;30;male;Norway;NO
70;Eli Flatås;52;female;Norway;NO
71;Elaine Hayes;65;female;United States;US
72;Chloe Macrae;69;female;United Kingdom;GB
73;Ted Johnston;33;male;United States;US
74;Rosana Oprins;35;female;Netherlands;NL
75;Madeleine Zhang;23;female;New Zealand;NZ
76;Mustafa Tokgöz;69;male;Turkey;TR
77;David Gilbert;42;male;Ireland;IE
78;Oliver Zimmermann;72;male;Norway;NO
79;Omar Ozuna;74;male;Mexico;MX
80;Oscar Gilbert;33;male;Ireland;IE
81;Caterine Pinto;23;female;Brazil;BR
82;Julia Morin;72;female;Canada;CA
83;Feliksa Senkiv;59;female;Ukraine;UA
84;Gamaliel Lima;27;male;Brazil;BR
85;Ece Abacı;54;female;Turkey;TR
86;Miranda Guillaume;55;female;Switzerland;CH
87;Lionel Louis;28;male;Switzerland;CH
88;Birthe Will;55;female;Germany;DE
89;William Nielsen;37;male;Denmark;DK
90;Mustafa Sinanoğlu;69;male;Turkey;TR
91;Carmen Martínez;57;female;Spain;ES
92;Eva Roy;41;female;Canada;CA
93;Lyam Gerard;65;male;France;FR
94;Milivoje Stošić;23;male;Serbia;RS
95;Gerasim Kushniruk;59;male;Ukraine;UA
96;Suzy Barnes;60;female;United Kingdom;GB
97;Maël Perrin;61;male;France;FR
98;Jarod Zuidhoek;52;male;Netherlands;NL
99;Pat Schmidt;54;male;United States;US
100;Élsio Ribeiro;22;male;Brazil;BR
101;Catherine Marshall;66;female;United Kingdom;GB
102;David Lazić;41;male;Serbia;RS
103;Eugenia Iglesias;60;female;Spain;ES
104;Zvenigor Kopistenskiy;47;male;Ukraine;UA
105;David Miller;40;male;United Kingdom;GB
106;Nádia Araújo;25;female;Brazil;BR
107;John Wang;78;male;New Zealand;NZ
108;Jório Fernandes;54;male;Brazil;BR
109;Matthijn De Vlugt;37;male;Netherlands;NL
110;آدرین یاسمی;34;male;Iran;IR
111;Yuridia Ballesteros;49;female;Mexico;MX
112;Aurelia Sanchez;77;female;Switzerland;CH
113;Haci Noordegraaf;76;male;Netherlands;NL
114;Mostafa Lier;48;male;Norway;NO
115;Isaac Green;32;male;New Zealand;NZ
116;Nevaeh King;48;female;New Zealand;NZ
117;Pinja Hakola;66;female;Finland;FI
118;Signe Olsen;68;female;Denmark;DK
119;Tomothy Bryant;41;male;Ireland;IE
120;Edith Simpson;67;female;United States;US
121;Franck Muller;53;male;Switzerland;CH
122;Alexis Margaret;62;female;Canada;CA
123;Socorro Zapata;35;female;Mexico;MX
124;Herlinde Hauber;62;female;Germany;DE
125;Anica Vilotić;25;female;Serbia;RS
126;Iker Vidal;23;male;Spain;ES
127;Enni Kangas;62;female;Finland;FI
128;Ivica Nemanjić;55;male;Serbia;RS
129;Roger Vrijdag;44;male;Netherlands;NL
130;Zahariy Vahnyanin;25;male;Ukraine;UA
131;محمدامين نكو نظر;26;male;Iran;IR
132;Sara Brunet;30;female;France;FR
133;Aurora Wilson;23;female;New Zealand;NZ
134;Nurdan Çörekçi;39;female;Turkey;TR
135;Romee Van Urk;61;female;Netherlands;NL
136;Dona Pai;23;female;India;IN
137;Leslie Snyder;56;male;United Kingdom;GB
138;Donata Knödler;40;female;Germany;DE
139;Clarissa Drechsel;61;female;Germany;DE
140;Madhvi Wijnholds;27;female;Netherlands;NL
141;Carlos Fuentes;56;male;Spain;ES
142;Archana Mugeraya;30;female;India;IN
143;Ülkü Arıcan;48;female;Turkey;TR
144;Radiša Radovanović;25;male;Serbia;RS
145;حسین پارسا;73;male;Iran;IR
146;Zaíro Teixeira;68;male;Brazil;BR
147;Pilar Santillán;40;male;Mexico;MX
148;درسا یاسمی;76;female;Iran;IR
149;Sara Tuomi;26;female;Finland;FI
150;Natália Dias;46;female;Brazil;BR
151;Vilho Ketola;22;male;Finland;FI
152;Sara Hansen;77;female;Denmark;DK
153;Neil Hoffman;58;male;Ireland;IE
154;Camille Park;26;female;Canada;CA
155;Carla Morrison;27;female;Australia;AU
156;Celine Oliveira;69;female;Brazil;BR
157;Sava Kovač;53;male;Serbia;RS
158;طاها کریمی;63;male;Iran;IR
159;Arianna Lewis;74;female;United States;US
160;Eva Ruiz;70;female;Spain;ES
161;Ilyès Gonzalez;66;male;France;FR
162;Freya Clarke;44;female;New Zealand;NZ
163;Dalia Maestas;28;female;Mexico;MX
164;Santiago Alonso;42;male;Spain;ES
165;Jasmina Lončarević;56;female;Serbia;RS
166;Carmen Herz;40;female;Germany;DE
167;Malomir Pustova;59;male;Ukraine;UA
168;Nikolaj Kristensen;54;male;Denmark;DK
169;Danica Stošić;53;female;Serbia;RS
170;Ryo Fabrie;63;male;Netherlands;NL
171;Lester Rodriquez;64;male;Australia;AU
172;Sjoukje Beijen;26;female;Netherlands;NL
173;Josep Vega;74;male;Spain;ES
174;Raymond Bates;69;male;Australia;AU
175;Eemil Kuusisto;75;male;Finland;FI
176;Anni Kemppainen;53;female;Finland;FI
177;Bernard Odonoghue;28;male;Ireland;IE
178;Krsto Tadić;63;male;Serbia;RS
179;سینا کریمی;36;male;Iran;IR
180;Ryder Lee;61;male;New Zealand;NZ
181;Florence Bélanger;40;female;Canada;CA
182;Oscar Delgado;40;male;Spain;ES
183;Cristina Käfer;46;female;Germany;DE
184;Hasan Perez;64;male;Switzerland;CH
185;Nadia Romsdal;49;female;Norway;NO
186;Antonija Šotra;38;female;Serbia;RS
187;Debra Gonzales;70;female;United Kingdom;GB
188;Josefine Kristensen;64;female;Denmark;DK
189;Eren Aydan;71;male;Turkey;TR
190;Chloé Joly;51;female;France;FR
191;Genesis Kuhn;65;female;United States;US
192;Arina Finne;56;female;Norway;NO
193;Malthe Pedersen;71;male;Denmark;DK
194;Benedict De Bonte;68;male;Netherlands;NL
195;Monisha Salian;31;female;India;IN
196;Ivonne Portillo;48;female;Mexico;MX
197;Rudinele Gonçalves;52;female;Brazil;BR
198;Edwin Shelton;66;male;Ireland;IE
199;Tommy Simmons;62;male;Ireland;IE
200;Hildburg Wenz;50;female;Germany;DE
201;دانیال صدر;27;male;Iran;IR
202;Lucas Moore;40;male;New Zealand;NZ
203;Slaven Živojinović;31;male;Serbia;RS
204;Rosie Henry;72;female;Ireland;IE
205;Juliette Lavigne;67;female;Canada;CA
206;Markus Masson;48;male;Switzerland;CH
207;Luna Sanchez;55;female;France;FR
208;Tilde Thomsen;42;female;Denmark;DK
209;Alfeu Cavalcanti;37;male;Brazil;BR
210;Wael Tuinenburg;47;male;Netherlands;NL
211;Serafima Vlasenko;76;female;Ukraine;UA
212;Agapito Freitas;31;male;Brazil;BR
213;Gabriel Sáez;67;male;Spain;ES
214;Ece Tuğluk;48;female;Turkey;TR
215;Zita Francois;48;female;Switzerland;CH
216;Kelly Davidson;26;female;Ireland;IE
217;Octavio Samaniego;46;male;Mexico;MX
218;Jonas Da Silva;47;male;France;FR
219;Lisbeth Kolberg;65;female;Germany;DE
220;Rhonda Mills;46;female;Australia;AU
221;مرسانا قاسمی;50;female;Iran;IR
222;Odinec Zalyubovskiy;30;male;Ukraine;UA
223;Rawan Sigurdsen;43;female;Norway;NO
224;Ege Kurutluoğlu;63;female;Turkey;TR
225;Eino Peltola;46;male;Finland;FI
226;Emma Chu;68;female;Canada;CA
227;ستایش موسوی;27;female;Iran;IR
228;Gül Alyanak;66;female;Turkey;TR
229;Ege Limoncuoğlu;50;female;Turkey;TR
230;سارینا نكو نظر;45;female;Iran;IR
231;Rose Perrin;24;female;France;FR
232;Lou Lokerse;40;female;Netherlands;NL
233;آرمیتا حیدری;50;female;Iran;IR
234;Rick Gray;75;male;United Kingdom;GB
235;Thi Lemoine;49;female;Switzerland;CH
236;Jenne Baldew;78;male;Netherlands;NL
237;Rubén Lorenzo;74;male;Spain;ES
238;محمد كامياران;63;male;Iran;IR
239;Elham Tsang;45;female;Netherlands;NL
240;Lola Fabre;34;female;France;FR
241;Kathy Kelley;24;female;Ireland;IE
242;Diana Gordon;35;female;United Kingdom;GB
243;Jimi Kumpula;27;male;Finland;FI
244;Kai-Uwe Kirch;75;male;Germany;DE
245;Amy Bourgeois;43;female;Switzerland;CH
246;Lyubim Kozhelyanko;39;male;Ukraine;UA
247;Genaro Pedraza;37;male;Mexico;MX
248;Tobias Petersen;66;male;Denmark;DK
249;Lillian Hughes;71;female;Australia;AU
250;Cristóbal Rubio;55;male;Spain;ES
251;Dmitro Oleksiienko;55;male;Ukraine;UA
252;Trond Engdal;57;male;Norway;NO
253;Leah Shaw;62;female;Ireland;IE
254;Rubén Robledo;28;male;Mexico;MX
255;Samuel Canales;60;male;Mexico;MX
256;Margarido da Cunha;68;male;Brazil;BR
257;Venla Jarvinen;23;female;Finland;FI
258;Samuel Quiñones;50;male;Mexico;MX
259;Daniel Casares;66;male;Mexico;MX
260;Thorvald Bjørnå;52;male;Norway;NO
261;Lorena Laboy;54;female;Mexico;MX
262;Dominic Gill;30;male;Canada;CA
263;Milenko Nađ;24;male;Serbia;RS
264;Leon Henderson;47;male;United States;US
265;Pereyaslav Banah;26;male;Ukraine;UA
266;بردیا كامياران;43;male;Iran;IR
267;Maxime French;63;male;Canada;CA
268;Diane Jones;45;female;Ireland;IE
269;Lyder Gjerdrum;66;male;Norway;NO
270;Marek Faure;33;male;Switzerland;CH
271;Saanvi Kamath;47;female;India;IN
272;Vivaldo Lopes;67;male;Brazil;BR
273;Volodimira Lukach;43;female;Ukraine;UA
274;Vanessa Da Silva;77;female;Switzerland;CH
275;Magdalena Jiménez;42;female;Spain;ES
276;Graciela Bahena;52;female;Mexico;MX
277;Jadranka Kapetanović;33;female;Serbia;RS
278;Wanisha De Bock;49;female;Netherlands;NL
279;Susana Iglesias;63;female;Spain;ES
280;Hayley Williams;67;female;New Zealand;NZ
281;Terri Flores;24;female;Australia;AU
282;Elijah Wright;41;male;New Zealand;NZ
283;Lucy Thompson;59;female;New Zealand;NZ
284;Tomás Puente;42;male;Mexico;MX
285;Conrado Moya;36;male;Mexico;MX
286;Linnea Haapala;64;female;Finland;FI
287;Anica Terzić;44;female;Serbia;RS
288;Bessie Weaver;52;female;United States;US
289;Sedef Karaer;67;female;Turkey;TR
290;Claire Holmes;39;female;Ireland;IE
291;Nadislava Zhurmani;59;female;Ukraine;UA
292;سورنا پارسا;74;male;Iran;IR
293;Esther Galván;70;female;Mexico;MX
294;Vilma Lampinen;56;female;Finland;FI
295;Mike Fleming;46;male;Ireland;IE
296;Marius Thomsen;24;male;Denmark;DK
297;Samantha King;22;female;New Zealand;NZ
298;Méline Roy;52;female;France;FR
299;Luis Curtis;68;male;United Kingdom;GB
300;Georgiy Yankovskiy;24;male;Ukraine;UA
301;Sundus Berggren;58;female;Norway;NO
302;Manuel Schmidt;52;male;United Kingdom;GB
303;Janet Franklin;78;female;Ireland;IE
304;Tanya Hart;27;female;Australia;AU
305;Marvin Parker;45;male;Australia;AU
306;Ali Düşenkalkar;53;male;Turkey;TR
307;Bilotur Demidas;75;male;Ukraine;UA
308;Lélia Almeida;52;female;Brazil;BR
309;Ali Erkekli;42;male;Turkey;TR
310;Aćim Divac;68;male;Serbia;RS
311;Ariane Knight;35;female;Canada;CA
312;Shawn Howard;38;male;Australia;AU
313;Toby Moore;59;male;New Zealand;NZ
314;Olaí Farias;50;female;Brazil;BR
315;Shahistha Anchan;35;female;India;IN
316;Wally Hanf;60;female;Germany;DE
317;Afet Arslanoğlu;38;female;Turkey;TR
318;Elise Roy;44;female;France;FR
319;Jadranko Danilović;25;male;Serbia;RS
320;Raquel Herrera;59;female;Spain;ES
321;Selene Ferreira;48;female;Brazil;BR
322;Eneias da Paz;52;male;Brazil;BR
323;Ørjan Høgseth;78;male;Norway;NO
324;Justine Lefebvre;75;female;France;FR
325;Avery Côté;73;female;Canada;CA
326;Anton Wuollet;56;male;Finland;FI
327;Alexander Kristensen;50;male;Denmark;DK
328;Clemente Regalado;68;male;Mexico;MX
329;Harrison Kumar;73;male;New Zealand;NZ
330;Karl Wouterse;70;male;Netherlands;NL
331;Pilar Ulloa;25;male;Mexico;MX
332;Avgustin Klimovska;69;male;Ukraine;UA
333;Ida Rasmussen;25;female;Denmark;DK
334;Verdi Fogaça;54;male;Brazil;BR
335;آدرینا صدر;31;female;Iran;IR
336;Marius Fournier;71;male;France;FR
337;Susan Stephens;78;female;Australia;AU
338;Sara Watkins;67;female;Australia;AU
339;Lily Newman;35;female;United Kingdom;GB
340;Elsa Treviño;24;female;Mexico;MX
341;Ege Erberk;36;female;Turkey;TR
342;Harper Harvey;70;female;Australia;AU
343;Carole Richards;30;female;United States;US
344;Devansh Uchil;38;male;India;IN
345;Eevi Pakkala;40;female;Finland;FI
346;Wilhelm Fontai;37;male;Switzerland;CH
347;Antonio González;42;male;Spain;ES
348;Dylan Wang;54;male;New Zealand;NZ
349;Paul Chavez;23;male;United States;US
350;Victoria Rasmussen;68;female;Denmark;DK
351;Sandra Guerin;53;female;Switzerland;CH
352;Oscar Brun;70;male;France;FR
353;Kuzey Küçükler;60;male;Turkey;TR
354;Rad Demuckiy;66;male;Ukraine;UA
355;Aaron Thompson;43;male;New Zealand;NZ
356;Rachel Perez;49;female;United Kingdom;GB
357;Seth Foster;57;male;Ireland;IE
358;Ümit Çetin;33;male;Turkey;TR
359;Jonas Jørgensen;34;male;Denmark;DK
360;Fadime Höger;49;female;Germany;DE
361;Siddharth Taj;44;male;India;IN
362;Samuel Moore;42;male;New Zealand;NZ
363;Olesya Potebnya;34;female;Ukraine;UA
364;Cory Parker;48;male;United States;US
365;Paulina Mathieu;24;female;Switzerland;CH
366;Louisa Romsdal;52;female;Norway;NO
367;Hannah Denys;74;female;Canada;CA
368;Alexander Jones;68;male;New Zealand;NZ
369;Krisha Singh;29;female;India;IN
370;Justin Lo;56;male;Canada;CA
371;Hervê Costa;31;male;Brazil;BR
372;Oliver Marinković;73;male;Serbia;RS
373;Gerjon Arts;23;male;Netherlands;NL
374;Ida Hudson;38;female;United States;US
375;Marco Campos;49;male;Spain;ES
376;Gabriela Perez;52;female;Switzerland;CH
377;Herculana Pereira;54;female;Brazil;BR
378;Carter Ross;27;male;Canada;CA
379;Jennie Long;29;female;Australia;AU
380;Eemeli Aro;49;male;Finland;FI
381;Gustav Møller;69;male;Denmark;DK
382;Liliana Domínguez;56;female;Mexico;MX
383;Lukas Leroux;55;male;France;FR
384;Aneta Melzer;22;female;Germany;DE
385;Estelle Gerard;22;female;France;FR
386;Sapthashree Hiremath;39;female;India;IN
387;Ishana Thampy;43;female;India;IN
388;Vincent Smith;51;male;New Zealand;NZ
389;Emily Hughes;41;female;Ireland;IE
390;Ramya Uchil;70;female;India;IN
391;Lauri Manninen;41;male;Finland;FI
392;Illya Moskalenko;61;male;Ukraine;UA
393;Alexandre Denys;32;male;Canada;CA
394;Onni Manninen;60;male;Finland;FI
395;Willie Jones;72;female;Australia;AU
396;David Davidson;29;male;Australia;AU
397;Connor Evans;50;male;New Zealand;NZ
398;Daisi Melo;34;female;Brazil;BR
399;Jesus Santana;39;male;Spain;ES
400;Pava Negrebeckiy;61;female;Ukraine;UA
401;یسنا قاسمی;42;female;Iran;IR
402;Jesus Vidal;37;male;Spain;ES
403;Shreya Shah;43;female;India;IN
404;Jonas Jørgensen;72;male;Denmark;DK
405;Víctor Medina;27;male;Spain;ES
406;Ava Anderson;61;female;Canada;CA
407;Henriette Martinez;38;female;Switzerland;CH
408;Martha Nguyen;32;female;United Kingdom;GB
409;محمدعلی نكو نظر;61;male;Iran;IR
410;Borivoje Selaković;61;male;Serbia;RS
411;Michelle Clement;41;female;Switzerland;CH
412;Atharv Rai;63;male;India;IN
413;Oliver Kivi;47;male;Finland;FI
414;Mille Petersen;56;male;Denmark;DK
415;Elias Bravo;65;male;Mexico;MX
416;Vickie Hopkins;74;female;United States;US
417;Darren Jones;53;male;United States;US
418;Encarnación Martin;68;female;Spain;ES
419;Zlatan Urošević;55;male;Serbia;RS
420;Giray Örge;37;male;Turkey;TR
421;Greta Lid;74;female;Norway;NO
422;Djay Leeuw;24;male;Netherlands;NL
423;Sara Waisanen;31;female;Finland;FI
424;Grete Roscher;74;female;Germany;DE
425;René Gaytán;68;male;Mexico;MX
426;Jonas Mørk;31;male;Norway;NO
427;Maëva Rodriguez;23;female;France;FR
428;Daniel Roy;44;male;Canada;CA
429;Jeltsje Greijdanus;25;female;Netherlands;NL
430;Todor Perić;43;male;Serbia;RS
431;Vinnie Huizing;64;male;Netherlands;NL
432;درسا صدر;63;female;Iran;IR
433;Joe Welch;76;male;Ireland;IE
434;Julian Marchand;69;male;Switzerland;CH
435;Lily Patel;64;female;New Zealand;NZ
436;Lucélia Barros;39;female;Brazil;BR
437;Malthe Larsen;57;male;Denmark;DK
438;Kerim Yıldırım;47;male;Turkey;TR
439;Waltherus Sharif;33;male;Netherlands;NL
440;Mehdi Hopf;25;male;Germany;DE
441;Aurore Rodriguez;60;female;Switzerland;CH
442;Vukota Novak;36;male;Serbia;RS
443;Lorenzo Barbier;51;male;France;FR
444;Stacey Van der Sar;74;female;Netherlands;NL
445;Federico Uribe;38;male;Mexico;MX
446;Ostoja Borojević;66;male;Serbia;RS
447;Ali Kurutluoğlu;33;male;Turkey;TR
448;Sofie Møller;65;female;Denmark;DK
449;Tristan Ennis;56;male;Canada;CA
450;Mason Horton;29;male;Australia;AU
451;Svitlogor Kahovskiy;48;male;Ukraine;UA
452;Tiago Leroux;24;male;France;FR
453;Stanislava Stanojević;29;female;Serbia;RS
454;Victor Brown;61;male;Canada;CA
455;Reinhardt Kohl;67;male;Germany;DE
456;Ostrozor Lopata;66;male;Ukraine;UA
457;Dora Danilović;46;female;Serbia;RS
458;Hithakshi Dsouza;41;female;India;IN
459;Victoria Lewis;33;female;Ireland;IE
460;Lorraine Graves;30;female;Australia;AU
461;Ho Makkink;31;female;Netherlands;NL
462;Eline Martinez;56;female;Switzerland;CH
463;Shawn Cunningham;25;male;Australia;AU
464;August Larsen;71;male;Denmark;DK
465;Annika Kjørstad;27;female;Norway;NO
466;Otis Andrea;58;male;Netherlands;NL
467;Ludmila Golubović;57;female;Serbia;RS
468;Gladys Carlson;37;female;United States;US
469;Elmer Flores;73;male;United States;US
470;Olivia Møller;73;female;Denmark;DK
471;Valentine Roux;59;female;Switzerland;CH
472;Emilio Prieto;58;male;Spain;ES
473;Julie Madsen;45;female;Denmark;DK
474;Nathan Chu;30;male;Canada;CA
475;Alma Calderón;67;female;Mexico;MX
476;Niklas Autio;78;male;Finland;FI
477;Javeria Shroff;61;female;India;IN
478;الینا نجاتی;38;female;Iran;IR
479;Josefina Parra;74;female;Spain;ES
480;Nicoline Christensen;27;female;Denmark;DK
481;Hanna Cox;57;female;Ireland;IE
482;Alicia Martin;23;female;Canada;CA
483;Aino Koski;67;female;Finland;FI
484;Terry Mccoy;53;male;United States;US
485;Rosa Muñoz;77;female;Spain;ES
486;Özkan Tokgöz;62;male;Turkey;TR
487;Samesh Jain;48;male;India;IN
488;Wade Payne;22;male;United Kingdom;GB
489;Zoé Fabre;51;female;France;FR
490;Bakhshi Bhat;76;male;India;IN
491;Milian Løyning;61;male;Norway;NO
492;Olivia Kristensen;34;female;Denmark;DK
493;Tilde Kristensen;24;female;Denmark;DK
494;Daniel Singh;24;male;New Zealand;NZ
495;Luisa Escalante;28;female;Mexico;MX
496;Zoey Bradley;41;female;United States;US
497;Edna Armstrong;54;female;United States;US
498;Owen Margaret;65;male;Canada;CA
499;Sofía Bahena;76;female;Mexico;MX
500;رادین کامروا;72;male;Iran;IR
